SubjectID,1,2,3,4,5,6,7,8,9,10,11,12,13,14,15,16,17,18,19,20,21,22,23,24,25,26,27,28,29,30,31,32,33,34,35,36,37,38,39,40,41,42,43,44,45,46,47,48,49,50,51,52,53,54,55,56,57,58,59,60,61,62,63,64,65,66,67,68,69,70,71,72,73,74,75,76,101,102,103,104,105,106,107,108,109,110,111,112,113,114,115,116,117,118,119,120,121,122,123,124,125,126,127,128,129,130,131,132,133,134,135,136,137,138,139,140,141,142,143,144,145,146,147,148,149,150,151,152,153,154,155,156,157,158,159,160,161,162,163,164,165,166,167,168,169,170,171,172,173,174,175,176
g10xg1,0,0,0,21500,0,15198,10938,0,2729,20781,23063,6830,8142,7778,3818,19804,59535,2056,6704,4697,3344,7730,0,0,0,102439,0,20069,2735,3047,2833,0,2537,0,4583,2021,0,8118,5797,14138,225,2060,1894,5641,6625,10253,837,7618,9855,6625,6336,18189,0,0,3888,0,0,5828,4093,27811,4709,212,183,3405,3321,15408,2797,14693,9171,0,0,0,0,0,0,0,0,0,0,30459,0,15175,9275,0,1984,15766,14181,6215,6436,8573,3613,14030,68717,1507,7375,3791,4340,8539,0,0,0,99907,0,20472,2825,3203,2204,0,4110,0,1879,1184,0,3956,4432,20056,1692,3242,3345,3917,5261,5926,2528,4319,12086,10389,9947,20652,0,0,4375,0,0,5125,5087,32890,4212,518,626,2086,1582,10060,3395,13946,9383,0,0,0,0,0,0,0
g10xg2,0,0,0,21500,0,15198,10938,0,2729,20781,23063,6830,8142,7778,3818,19804,59535,2056,6704,4697,3344,7730,0,0,0,102439,0,20069,2735,3047,2833,0,2537,0,4583,2021,0,8118,5797,14138,225,2060,1894,5641,6625,10253,837,7618,9855,6625,6336,18189,0,0,3888,0,0,5828,4093,27811,4709,212,183,3405,3321,15408,2797,14693,9171,0,0,0,0,0,0,0,0,0,0,30459,0,15175,9275,0,1984,15766,14181,6215,6436,8573,3613,14030,68717,1507,7375,3791,4340,8539,0,0,0,99907,0,20472,2825,3203,2204,0,4110,0,1879,1184,0,3956,4432,20056,1692,3242,3345,3917,5261,5926,2528,4319,12086,10389,9947,20652,0,0,4375,0,0,5125,5087,32890,4212,518,626,2086,1582,10060,3395,13946,9383,0,0,0,0,0,0,0
g10xg3,0,0,0,21500,0,15198,10938,0,2729,20781,23063,6830,8142,7778,3818,19804,59535,2056,6704,4697,3344,7730,0,0,0,102439,0,20069,2735,3047,2833,0,2537,0,4583,2021,0,8118,5797,14138,225,2060,1894,5641,6625,10253,837,7618,9855,6625,6336,18189,0,0,3888,0,0,5828,4093,27811,4709,212,183,3405,3321,15408,2797,14693,9171,0,0,0,0,0,0,0,0,0,0,30459,0,15175,9275,0,1984,15766,14181,6215,6436,8573,3613,14030,68717,1507,7375,3791,4340,8539,0,0,0,99907,0,20472,2825,3203,2204,0,4110,0,1879,1184,0,3956,4432,20056,1692,3242,3345,3917,5261,5926,2528,4319,12086,10389,9947,20652,0,0,4375,0,0,5125,5087,32890,4212,518,626,2086,1582,10060,3395,13946,9383,0,0,0,0,0,0,0
g10xg4,0,0,0,21500,0,15198,10938,0,2729,20781,23063,6830,8142,7778,3818,19804,59535,2056,6704,4697,3344,7730,0,0,0,102439,0,20069,2735,3047,2833,0,2537,0,4583,2021,0,8118,5797,14138,225,2060,1894,5641,6625,10253,837,7618,9855,6625,6336,18189,0,0,3888,0,0,5828,4093,27811,4709,212,183,3405,3321,15408,2797,14693,9171,0,0,0,0,0,0,0,0,0,0,30459,0,15175,9275,0,1984,15766,14181,6215,6436,8573,3613,14030,68717,1507,7375,3791,4340,8539,0,0,0,99907,0,20472,2825,3203,2204,0,4110,0,1879,1184,0,3956,4432,20056,1692,3242,3345,3917,5261,5926,2528,4319,12086,10389,9947,20652,0,0,4375,0,0,5125,5087,32890,4212,518,626,2086,1582,10060,3395,13946,9383,0,0,0,0,0,0,0
g10xg5,0,0,0,21500,0,15198,10938,0,2729,20781,23063,6830,8142,7778,3818,19804,59535,2056,6704,4697,3344,7730,0,0,0,102439,0,20069,2735,3047,2833,0,2537,0,4583,2021,0,8118,5797,14138,225,2060,1894,5641,6625,10253,837,7618,9855,6625,6336,18189,0,0,3888,0,0,5828,4093,27811,4709,212,183,3405,3321,15408,2797,14693,9171,0,0,0,0,0,0,0,0,0,0,30459,0,15175,9275,0,1984,15766,14181,6215,6436,8573,3613,14030,68717,1507,7375,3791,4340,8539,0,0,0,99907,0,20472,2825,3203,2204,0,4110,0,1879,1184,0,3956,4432,20056,1692,3242,3345,3917,5261,5926,2528,4319,12086,10389,9947,20652,0,0,4375,0,0,5125,5087,32890,4212,518,626,2086,1582,10060,3395,13946,9383,0,0,0,0,0,0,0
g10xg6,0,0,0,21500,0,15198,10938,0,2729,20781,23063,6830,8142,7778,3818,19804,59535,2056,6704,4697,3344,7730,0,0,0,102439,0,20069,2735,3047,2833,0,2537,0,4583,2021,0,8118,5797,14138,225,2060,1894,5641,6625,10253,837,7618,9855,6625,6336,18189,0,0,3888,0,0,5828,4093,27811,4709,212,183,3405,3321,15408,2797,14693,9171,0,0,0,0,0,0,0,0,0,0,30459,0,15175,9275,0,1984,15766,14181,6215,6436,8573,3613,14030,68717,1507,7375,3791,4340,8539,0,0,0,99907,0,20472,2825,3203,2204,0,4110,0,1879,1184,0,3956,4432,20056,1692,3242,3345,3917,5261,5926,2528,4319,12086,10389,9947,20652,0,0,4375,0,0,5125,5087,32890,4212,518,626,2086,1582,10060,3395,13946,9383,0,0,0,0,0,0,0
g10xg7,0,0,0,21500,0,15198,10938,0,2729,20781,23063,6830,8142,7778,3818,19804,59535,2056,6704,4697,3344,7730,0,0,0,102439,0,20069,2735,3047,2833,0,2537,0,4583,2021,0,8118,5797,14138,225,2060,1894,5641,6625,10253,837,7618,9855,6625,6336,18189,0,0,3888,0,0,5828,4093,27811,4709,212,183,3405,3321,15408,2797,14693,9171,0,0,0,0,0,0,0,0,0,0,30459,0,15175,9275,0,1984,15766,14181,6215,6436,8573,3613,14030,68717,1507,7375,3791,4340,8539,0,0,0,99907,0,20472,2825,3203,2204,0,4110,0,1879,1184,0,3956,4432,20056,1692,3242,3345,3917,5261,5926,2528,4319,12086,10389,9947,20652,0,0,4375,0,0,5125,5087,32890,4212,518,626,2086,1582,10060,3395,13946,9383,0,0,0,0,0,0,0
g10xg8,0,0,0,21500,0,15198,10938,0,2729,20781,23063,6830,8142,7778,3818,19804,59535,2056,6704,4697,3344,7730,0,0,0,102439,0,20069,2735,3047,2833,0,2537,0,4583,2021,0,8118,5797,14138,225,2060,1894,5641,6625,10253,837,7618,9855,6625,6336,18189,0,0,3888,0,0,5828,4093,27811,4709,212,183,3405,3321,15408,2797,14693,9171,0,0,0,0,0,0,0,0,0,0,30459,0,15175,9275,0,1984,15766,14181,6215,6436,8573,3613,14030,68717,1507,7375,3791,4340,8539,0,0,0,99907,0,20472,2825,3203,2204,0,4110,0,1879,1184,0,3956,4432,20056,1692,3242,3345,3917,5261,5926,2528,4319,12086,10389,9947,20652,0,0,4375,0,0,5125,5087,32890,4212,518,626,2086,1582,10060,3395,13946,9383,0,0,0,0,0,0,0
g10xg9,0,0,0,21500,0,15198,10938,0,2729,20781,23063,6830,8142,7778,3818,19804,59535,2056,6704,4697,3344,7730,0,0,0,102439,0,20069,2735,3047,2833,0,2537,0,4583,2021,0,8118,5797,14138,225,2060,1894,5641,6625,10253,837,7618,9855,6625,6336,18189,0,0,3888,0,0,5828,4093,27811,4709,212,183,3405,3321,15408,2797,14693,9171,0,0,0,0,0,0,0,0,0,0,30459,0,15175,9275,0,1984,15766,14181,6215,6436,8573,3613,14030,68717,1507,7375,3791,4340,8539,0,0,0,99907,0,20472,2825,3203,2204,0,4110,0,1879,1184,0,3956,4432,20056,1692,3242,3345,3917,5261,5926,2528,4319,12086,10389,9947,20652,0,0,4375,0,0,5125,5087,32890,4212,518,626,2086,1582,10060,3395,13946,9383,0,0,0,0,0,0,0
g1xg10,0,0,0,13603,0,11986,11067,0,2094,17318,9346,5239,7083,3404,3219,16596,66263,1730,8777,4468,4313,5502,0,0,0,115920,0,20791,4687,3827,5159,0,2869,0,3832,3965,0,10265,6693,9403,530,3103,2758,4619,9116,12555,2672,12353,2269,1633,2354,19819,0,0,4826,0,0,7106,6511,26053,6433,1853,1331,7403,5976,16633,4070,14713,16840,0,0,0,0,0,0,0,0,0,0,10836,0,7116,12129,0,3814,13539,7811,2377,10123,1681,3140,16503,79039,2840,8699,3370,1816,6178,0,0,0,102041,0,23588,6040,3348,5617,0,3441,0,4537,4422,0,12856,5341,14484,1784,3055,5478,3075,9095,10729,2609,6324,5616,3750,3149,20073,0,0,5991,0,0,7480,3290,32365,12408,1181,1006,4723,3829,13225,3579,8532,13082,0,0,0,0,0,0,0
g1xg2,0,0,0,13603,0,11986,11067,0,2094,17318,9346,5239,7083,3404,3219,16596,66263,1730,8777,4468,4313,5502,0,0,0,115920,0,20791,4687,3827,5159,0,2869,0,3832,3965,0,10265,6693,9403,530,3103,2758,4619,9116,12555,2672,12353,2269,1633,2354,19819,0,0,4826,0,0,7106,6511,26053,6433,1853,1331,7403,5976,16633,4070,14713,16840,0,0,0,0,0,0,0,0,0,0,10836,0,7116,12129,0,3814,13539,7811,2377,10123,1681,3140,16503,79039,2840,8699,3370,1816,6178,0,0,0,102041,0,23588,6040,3348,5617,0,3441,0,4537,4422,0,12856,5341,14484,1784,3055,5478,3075,9095,10729,2609,6324,5616,3750,3149,20073,0,0,5991,0,0,7480,3290,32365,12408,1181,1006,4723,3829,13225,3579,8532,13082,0,0,0,0,0,0,0
g1xg3,0,0,0,13603,0,11986,11067,0,2094,17318,9346,5239,7083,3404,3219,16596,66263,1730,8777,4468,4313,5502,0,0,0,115920,0,20791,4687,3827,5159,0,2869,0,3832,3965,0,10265,6693,9403,530,3103,2758,4619,9116,12555,2672,12353,2269,1633,2354,19819,0,0,4826,0,0,7106,6511,26053,6433,1853,1331,7403,5976,16633,4070,14713,16840,0,0,0,0,0,0,0,0,0,0,10836,0,7116,12129,0,3814,13539,7811,2377,10123,1681,3140,16503,79039,2840,8699,3370,1816,6178,0,0,0,102041,0,23588,6040,3348,5617,0,3441,0,4537,4422,0,12856,5341,14484,1784,3055,5478,3075,9095,10729,2609,6324,5616,3750,3149,20073,0,0,5991,0,0,7480,3290,32365,12408,1181,1006,4723,3829,13225,3579,8532,13082,0,0,0,0,0,0,0
g1xg4,0,0,0,13603,0,11986,11067,0,2094,17318,9346,5239,7083,3404,3219,16596,66263,1730,8777,4468,4313,5502,0,0,0,115920,0,20791,4687,3827,5159,0,2869,0,3832,3965,0,10265,6693,9403,530,3103,2758,4619,9116,12555,2672,12353,2269,1633,2354,19819,0,0,4826,0,0,7106,6511,26053,6433,1853,1331,7403,5976,16633,4070,14713,16840,0,0,0,0,0,0,0,0,0,0,10836,0,7116,12129,0,3814,13539,7811,2377,10123,1681,3140,16503,79039,2840,8699,3370,1816,6178,0,0,0,102041,0,23588,6040,3348,5617,0,3441,0,4537,4422,0,12856,5341,14484,1784,3055,5478,3075,9095,10729,2609,6324,5616,3750,3149,20073,0,0,5991,0,0,7480,3290,32365,12408,1181,1006,4723,3829,13225,3579,8532,13082,0,0,0,0,0,0,0
g1xg5,0,0,0,13603,0,11986,11067,0,2094,17318,9346,5239,7083,3404,3219,16596,66263,1730,8777,4468,4313,5502,0,0,0,115920,0,20791,4687,3827,5159,0,2869,0,3832,3965,0,10265,6693,9403,530,3103,2758,4619,9116,12555,2672,12353,2269,1633,2354,19819,0,0,4826,0,0,7106,6511,26053,6433,1853,1331,7403,5976,16633,4070,14713,16840,0,0,0,0,0,0,0,0,0,0,10836,0,7116,12129,0,3814,13539,7811,2377,10123,1681,3140,16503,79039,2840,8699,3370,1816,6178,0,0,0,102041,0,23588,6040,3348,5617,0,3441,0,4537,4422,0,12856,5341,14484,1784,3055,5478,3075,9095,10729,2609,6324,5616,3750,3149,20073,0,0,5991,0,0,7480,3290,32365,12408,1181,1006,4723,3829,13225,3579,8532,13082,0,0,0,0,0,0,0
g1xg6,0,0,0,13603,0,11986,11067,0,2094,17318,9346,5239,7083,3404,3219,16596,66263,1730,8777,4468,4313,5502,0,0,0,115920,0,20791,4687,3827,5159,0,2869,0,3832,3965,0,10265,6693,9403,530,3103,2758,4619,9116,12555,2672,12353,2269,1633,2354,19819,0,0,4826,0,0,7106,6511,26053,6433,1853,1331,7403,5976,16633,4070,14713,16840,0,0,0,0,0,0,0,0,0,0,10836,0,7116,12129,0,3814,13539,7811,2377,10123,1681,3140,16503,79039,2840,8699,3370,1816,6178,0,0,0,102041,0,23588,6040,3348,5617,0,3441,0,4537,4422,0,12856,5341,14484,1784,3055,5478,3075,9095,10729,2609,6324,5616,3750,3149,20073,0,0,5991,0,0,7480,3290,32365,12408,1181,1006,4723,3829,13225,3579,8532,13082,0,0,0,0,0,0,0
g1xg7,0,0,0,13603,0,11986,11067,0,2094,17318,9346,5239,7083,3404,3219,16596,66263,1730,8777,4468,4313,5502,0,0,0,115920,0,20791,4687,3827,5159,0,2869,0,3832,3965,0,10265,6693,9403,530,3103,2758,4619,9116,12555,2672,12353,2269,1633,2354,19819,0,0,4826,0,0,7106,6511,26053,6433,1853,1331,7403,5976,16633,4070,14713,16840,0,0,0,0,0,0,0,0,0,0,10836,0,7116,12129,0,3814,13539,7811,2377,10123,1681,3140,16503,79039,2840,8699,3370,1816,6178,0,0,0,102041,0,23588,6040,3348,5617,0,3441,0,4537,4422,0,12856,5341,14484,1784,3055,5478,3075,9095,10729,2609,6324,5616,3750,3149,20073,0,0,5991,0,0,7480,3290,32365,12408,1181,1006,4723,3829,13225,3579,8532,13082,0,0,0,0,0,0,0
g1xg8,0,0,0,13603,0,11986,11067,0,2094,17318,9346,5239,7083,3404,3219,16596,66263,1730,8777,4468,4313,5502,0,0,0,115920,0,20791,4687,3827,5159,0,2869,0,3832,3965,0,10265,6693,9403,530,3103,2758,4619,9116,12555,2672,12353,2269,1633,2354,19819,0,0,4826,0,0,7106,6511,26053,6433,1853,1331,7403,5976,16633,4070,14713,16840,0,0,0,0,0,0,0,0,0,0,10836,0,7116,12129,0,3814,13539,7811,2377,10123,1681,3140,16503,79039,2840,8699,3370,1816,6178,0,0,0,102041,0,23588,6040,3348,5617,0,3441,0,4537,4422,0,12856,5341,14484,1784,3055,5478,3075,9095,10729,2609,6324,5616,3750,3149,20073,0,0,5991,0,0,7480,3290,32365,12408,1181,1006,4723,3829,13225,3579,8532,13082,0,0,0,0,0,0,0
g1xg9,0,0,0,13603,0,11986,11067,0,2094,17318,9346,5239,7083,3404,3219,16596,66263,1730,8777,4468,4313,5502,0,0,0,115920,0,20791,4687,3827,5159,0,2869,0,3832,3965,0,10265,6693,9403,530,3103,2758,4619,9116,12555,2672,12353,2269,1633,2354,19819,0,0,4826,0,0,7106,6511,26053,6433,1853,1331,7403,5976,16633,4070,14713,16840,0,0,0,0,0,0,0,0,0,0,10836,0,7116,12129,0,3814,13539,7811,2377,10123,1681,3140,16503,79039,2840,8699,3370,1816,6178,0,0,0,102041,0,23588,6040,3348,5617,0,3441,0,4537,4422,0,12856,5341,14484,1784,3055,5478,3075,9095,10729,2609,6324,5616,3750,3149,20073,0,0,5991,0,0,7480,3290,32365,12408,1181,1006,4723,3829,13225,3579,8532,13082,0,0,0,0,0,0,0
g2xg10,0,0,0,7329,0,14192,8943,0,4583,14893,10471,8827,5752,3940,1408,7064,70705,1937,8514,4324,4109,3004,0,0,0,135477,0,21661,2816,3063,6563,0,3390,0,4632,2392,0,8129,10051,8509,4693,2937,3965,5045,4750,10293,3352,8640,2303,1957,3736,22808,0,0,3048,0,0,5033,5276,31864,8086,1856,893,4710,3766,11121,2256,10419,9839,0,0,0,0,0,0,0,0,0,0,6153,0,12000,10313,0,1626,15477,11804,6516,7371,3524,2036,7962,68350,2403,8709,3164,4271,3522,0,0,0,125653,0,20824,4055,3039,7070,0,4403,0,4721,2075,0,8655,5127,8559,1025,3902,4470,4322,9410,13748,2957,10034,1436,1248,1191,22404,0,0,4744,0,0,3976,4309,29586,10056,1491,829,5147,3722,7570,4430,21278,12482,0,0,0,0,0,0,0
g2xg1,0,0,0,7329,0,14192,8943,0,4583,14893,10471,8827,5752,3940,1408,7064,70705,1937,8514,4324,4109,3004,0,0,0,135477,0,21661,2816,3063,6563,0,3390,0,4632,2392,0,8129,10051,8509,4693,2937,3965,5045,4750,10293,3352,8640,2303,1957,3736,22808,0,0,3048,0,0,5033,5276,31864,8086,1856,893,4710,3766,11121,2256,10419,9839,0,0,0,0,0,0,0,0,0,0,6153,0,12000,10313,0,1626,15477,11804,6516,7371,3524,2036,7962,68350,2403,8709,3164,4271,3522,0,0,0,125653,0,20824,4055,3039,7070,0,4403,0,4721,2075,0,8655,5127,8559,1025,3902,4470,4322,9410,13748,2957,10034,1436,1248,1191,22404,0,0,4744,0,0,3976,4309,29586,10056,1491,829,5147,3722,7570,4430,21278,12482,0,0,0,0,0,0,0
g2xg3,0,0,0,7329,0,14192,8943,0,4583,14893,10471,8827,5752,3940,1408,7064,70705,1937,8514,4324,4109,3004,0,0,0,135477,0,21661,2816,3063,6563,0,3390,0,4632,2392,0,8129,10051,8509,4693,2937,3965,5045,4750,10293,3352,8640,2303,1957,3736,22808,0,0,3048,0,0,5033,5276,31864,8086,1856,893,4710,3766,11121,2256,10419,9839,0,0,0,0,0,0,0,0,0,0,6153,0,12000,10313,0,1626,15477,11804,6516,7371,3524,2036,7962,68350,2403,8709,3164,4271,3522,0,0,0,125653,0,20824,4055,3039,7070,0,4403,0,4721,2075,0,8655,5127,8559,1025,3902,4470,4322,9410,13748,2957,10034,1436,1248,1191,22404,0,0,4744,0,0,3976,4309,29586,10056,1491,829,5147,3722,7570,4430,21278,12482,0,0,0,0,0,0,0
g2xg4,0,0,0,7329,0,14192,8943,0,4583,14893,10471,8827,5752,3940,1408,7064,70705,1937,8514,4324,4109,3004,0,0,0,135477,0,21661,2816,3063,6563,0,3390,0,4632,2392,0,8129,10051,8509,4693,2937,3965,5045,4750,10293,3352,8640,2303,1957,3736,22808,0,0,3048,0,0,5033,5276,31864,8086,1856,893,4710,3766,11121,2256,10419,9839,0,0,0,0,0,0,0,0,0,0,6153,0,12000,10313,0,1626,15477,11804,6516,7371,3524,2036,7962,68350,2403,8709,3164,4271,3522,0,0,0,125653,0,20824,4055,3039,7070,0,4403,0,4721,2075,0,8655,5127,8559,1025,3902,4470,4322,9410,13748,2957,10034,1436,1248,1191,22404,0,0,4744,0,0,3976,4309,29586,10056,1491,829,5147,3722,7570,4430,21278,12482,0,0,0,0,0,0,0
g2xg5,0,0,0,7329,0,14192,8943,0,4583,14893,10471,8827,5752,3940,1408,7064,70705,1937,8514,4324,4109,3004,0,0,0,135477,0,21661,2816,3063,6563,0,3390,0,4632,2392,0,8129,10051,8509,4693,2937,3965,5045,4750,10293,3352,8640,2303,1957,3736,22808,0,0,3048,0,0,5033,5276,31864,8086,1856,893,4710,3766,11121,2256,10419,9839,0,0,0,0,0,0,0,0,0,0,6153,0,12000,10313,0,1626,15477,11804,6516,7371,3524,2036,7962,68350,2403,8709,3164,4271,3522,0,0,0,125653,0,20824,4055,3039,7070,0,4403,0,4721,2075,0,8655,5127,8559,1025,3902,4470,4322,9410,13748,2957,10034,1436,1248,1191,22404,0,0,4744,0,0,3976,4309,29586,10056,1491,829,5147,3722,7570,4430,21278,12482,0,0,0,0,0,0,0
g2xg6,0,0,0,7329,0,14192,8943,0,4583,14893,10471,8827,5752,3940,1408,7064,70705,1937,8514,4324,4109,3004,0,0,0,135477,0,21661,2816,3063,6563,0,3390,0,4632,2392,0,8129,10051,8509,4693,2937,3965,5045,4750,10293,3352,8640,2303,1957,3736,22808,0,0,3048,0,0,5033,5276,31864,8086,1856,893,4710,3766,11121,2256,10419,9839,0,0,0,0,0,0,0,0,0,0,6153,0,12000,10313,0,1626,15477,11804,6516,7371,3524,2036,7962,68350,2403,8709,3164,4271,3522,0,0,0,125653,0,20824,4055,3039,7070,0,4403,0,4721,2075,0,8655,5127,8559,1025,3902,4470,4322,9410,13748,2957,10034,1436,1248,1191,22404,0,0,4744,0,0,3976,4309,29586,10056,1491,829,5147,3722,7570,4430,21278,12482,0,0,0,0,0,0,0
g2xg7,0,0,0,7329,0,14192,8943,0,4583,14893,10471,8827,5752,3940,1408,7064,70705,1937,8514,4324,4109,3004,0,0,0,135477,0,21661,2816,3063,6563,0,3390,0,4632,2392,0,8129,10051,8509,4693,2937,3965,5045,4750,10293,3352,8640,2303,1957,3736,22808,0,0,3048,0,0,5033,5276,31864,8086,1856,893,4710,3766,11121,2256,10419,9839,0,0,0,0,0,0,0,0,0,0,6153,0,12000,10313,0,1626,15477,11804,6516,7371,3524,2036,7962,68350,2403,8709,3164,4271,3522,0,0,0,125653,0,20824,4055,3039,7070,0,4403,0,4721,2075,0,8655,5127,8559,1025,3902,4470,4322,9410,13748,2957,10034,1436,1248,1191,22404,0,0,4744,0,0,3976,4309,29586,10056,1491,829,5147,3722,7570,4430,21278,12482,0,0,0,0,0,0,0
g2xg8,0,0,0,7329,0,14192,8943,0,4583,14893,10471,8827,5752,3940,1408,7064,70705,1937,8514,4324,4109,3004,0,0,0,135477,0,21661,2816,3063,6563,0,3390,0,4632,2392,0,8129,10051,8509,4693,2937,3965,5045,4750,10293,3352,8640,2303,1957,3736,22808,0,0,3048,0,0,5033,5276,31864,8086,1856,893,4710,3766,11121,2256,10419,9839,0,0,0,0,0,0,0,0,0,0,6153,0,12000,10313,0,1626,15477,11804,6516,7371,3524,2036,7962,68350,2403,8709,3164,4271,3522,0,0,0,125653,0,20824,4055,3039,7070,0,4403,0,4721,2075,0,8655,5127,8559,1025,3902,4470,4322,9410,13748,2957,10034,1436,1248,1191,22404,0,0,4744,0,0,3976,4309,29586,10056,1491,829,5147,3722,7570,4430,21278,12482,0,0,0,0,0,0,0
g2xg9,0,0,0,7329,0,14192,8943,0,4583,14893,10471,8827,5752,3940,1408,7064,70705,1937,8514,4324,4109,3004,0,0,0,135477,0,21661,2816,3063,6563,0,3390,0,4632,2392,0,8129,10051,8509,4693,2937,3965,5045,4750,10293,3352,8640,2303,1957,3736,22808,0,0,3048,0,0,5033,5276,31864,8086,1856,893,4710,3766,11121,2256,10419,9839,0,0,0,0,0,0,0,0,0,0,6153,0,12000,10313,0,1626,15477,11804,6516,7371,3524,2036,7962,68350,2403,8709,3164,4271,3522,0,0,0,125653,0,20824,4055,3039,7070,0,4403,0,4721,2075,0,8655,5127,8559,1025,3902,4470,4322,9410,13748,2957,10034,1436,1248,1191,22404,0,0,4744,0,0,3976,4309,29586,10056,1491,829,5147,3722,7570,4430,21278,12482,0,0,0,0,0,0,0
g3xg10,0,0,0,15495,0,10241,14400,0,3637,13905,7277,9570,6326,3267,3988,15807,95461,3075,10049,5755,1187,5725,0,0,0,135361,0,22182,5135,3801,4691,0,3973,0,5372,4406,0,5448,7859,11289,1551,3070,1953,8533,10118,16848,1953,12224,3603,3308,3324,19867,0,0,4216,0,0,7835,3762,34262,7183,1094,703,7513,6481,15731,4706,12398,9879,0,0,0,0,0,0,0,0,0,0,16602,0,12172,14193,0,852,19490,11426,7257,7311,4630,4289,19171,74047,4586,11847,5139,1794,5763,0,0,0,122113,0,24499,5073,4970,7006,0,4599,0,6713,4560,0,7392,8231,16696,2594,2420,2057,8624,11230,15414,1563,10218,7554,5676,4338,17804,0,0,4668,0,0,7335,4423,32144,8012,740,740,4009,3211,15009,3038,14081,13623,0,0,0,0,0,0,0
g3xg1,0,0,0,15495,0,10241,14400,0,3637,13905,7277,9570,6326,3267,3988,15807,95461,3075,10049,5755,1187,5725,0,0,0,135361,0,22182,5135,3801,4691,0,3973,0,5372,4406,0,5448,7859,11289,1551,3070,1953,8533,10118,16848,1953,12224,3603,3308,3324,19867,0,0,4216,0,0,7835,3762,34262,7183,1094,703,7513,6481,15731,4706,12398,9879,0,0,0,0,0,0,0,0,0,0,16602,0,12172,14193,0,852,19490,11426,7257,7311,4630,4289,19171,74047,4586,11847,5139,1794,5763,0,0,0,122113,0,24499,5073,4970,7006,0,4599,0,6713,4560,0,7392,8231,16696,2594,2420,2057,8624,11230,15414,1563,10218,7554,5676,4338,17804,0,0,4668,0,0,7335,4423,32144,8012,740,740,4009,3211,15009,3038,14081,13623,0,0,0,0,0,0,0
g3xg2,0,0,0,15495,0,10241,14400,0,3637,13905,7277,9570,6326,3267,3988,15807,95461,3075,10049,5755,1187,5725,0,0,0,135361,0,22182,5135,3801,4691,0,3973,0,5372,4406,0,5448,7859,11289,1551,3070,1953,8533,10118,16848,1953,12224,3603,3308,3324,19867,0,0,4216,0,0,7835,3762,34262,7183,1094,703,7513,6481,15731,4706,12398,9879,0,0,0,0,0,0,0,0,0,0,16602,0,12172,14193,0,852,19490,11426,7257,7311,4630,4289,19171,74047,4586,11847,5139,1794,5763,0,0,0,122113,0,24499,5073,4970,7006,0,4599,0,6713,4560,0,7392,8231,16696,2594,2420,2057,8624,11230,15414,1563,10218,7554,5676,4338,17804,0,0,4668,0,0,7335,4423,32144,8012,740,740,4009,3211,15009,3038,14081,13623,0,0,0,0,0,0,0
g3xg4,0,0,0,15495,0,10241,14400,0,3637,13905,7277,9570,6326,3267,3988,15807,95461,3075,10049,5755,1187,5725,0,0,0,135361,0,22182,5135,3801,4691,0,3973,0,5372,4406,0,5448,7859,11289,1551,3070,1953,8533,10118,16848,1953,12224,3603,3308,3324,19867,0,0,4216,0,0,7835,3762,34262,7183,1094,703,7513,6481,15731,4706,12398,9879,0,0,0,0,0,0,0,0,0,0,16602,0,12172,14193,0,852,19490,11426,7257,7311,4630,4289,19171,74047,4586,11847,5139,1794,5763,0,0,0,122113,0,24499,5073,4970,7006,0,4599,0,6713,4560,0,7392,8231,16696,2594,2420,2057,8624,11230,15414,1563,10218,7554,5676,4338,17804,0,0,4668,0,0,7335,4423,32144,8012,740,740,4009,3211,15009,3038,14081,13623,0,0,0,0,0,0,0
g3xg5,0,0,0,15495,0,10241,14400,0,3637,13905,7277,9570,6326,3267,3988,15807,95461,3075,10049,5755,1187,5725,0,0,0,135361,0,22182,5135,3801,4691,0,3973,0,5372,4406,0,5448,7859,11289,1551,3070,1953,8533,10118,16848,1953,12224,3603,3308,3324,19867,0,0,4216,0,0,7835,3762,34262,7183,1094,703,7513,6481,15731,4706,12398,9879,0,0,0,0,0,0,0,0,0,0,16602,0,12172,14193,0,852,19490,11426,7257,7311,4630,4289,19171,74047,4586,11847,5139,1794,5763,0,0,0,122113,0,24499,5073,4970,7006,0,4599,0,6713,4560,0,7392,8231,16696,2594,2420,2057,8624,11230,15414,1563,10218,7554,5676,4338,17804,0,0,4668,0,0,7335,4423,32144,8012,740,740,4009,3211,15009,3038,14081,13623,0,0,0,0,0,0,0
g3xg6,0,0,0,15495,0,10241,14400,0,3637,13905,7277,9570,6326,3267,3988,15807,95461,3075,10049,5755,1187,5725,0,0,0,135361,0,22182,5135,3801,4691,0,3973,0,5372,4406,0,5448,7859,11289,1551,3070,1953,8533,10118,16848,1953,12224,3603,3308,3324,19867,0,0,4216,0,0,7835,3762,34262,7183,1094,703,7513,6481,15731,4706,12398,9879,0,0,0,0,0,0,0,0,0,0,16602,0,12172,14193,0,852,19490,11426,7257,7311,4630,4289,19171,74047,4586,11847,5139,1794,5763,0,0,0,122113,0,24499,5073,4970,7006,0,4599,0,6713,4560,0,7392,8231,16696,2594,2420,2057,8624,11230,15414,1563,10218,7554,5676,4338,17804,0,0,4668,0,0,7335,4423,32144,8012,740,740,4009,3211,15009,3038,14081,13623,0,0,0,0,0,0,0
g3xg7,0,0,0,15495,0,10241,14400,0,3637,13905,7277,9570,6326,3267,3988,15807,95461,3075,10049,5755,1187,5725,0,0,0,135361,0,22182,5135,3801,4691,0,3973,0,5372,4406,0,5448,7859,11289,1551,3070,1953,8533,10118,16848,1953,12224,3603,3308,3324,19867,0,0,4216,0,0,7835,3762,34262,7183,1094,703,7513,6481,15731,4706,12398,9879,0,0,0,0,0,0,0,0,0,0,16602,0,12172,14193,0,852,19490,11426,7257,7311,4630,4289,19171,74047,4586,11847,5139,1794,5763,0,0,0,122113,0,24499,5073,4970,7006,0,4599,0,6713,4560,0,7392,8231,16696,2594,2420,2057,8624,11230,15414,1563,10218,7554,5676,4338,17804,0,0,4668,0,0,7335,4423,32144,8012,740,740,4009,3211,15009,3038,14081,13623,0,0,0,0,0,0,0
g3xg8,0,0,0,15495,0,10241,14400,0,3637,13905,7277,9570,6326,3267,3988,15807,95461,3075,10049,5755,1187,5725,0,0,0,135361,0,22182,5135,3801,4691,0,3973,0,5372,4406,0,5448,7859,11289,1551,3070,1953,8533,10118,16848,1953,12224,3603,3308,3324,19867,0,0,4216,0,0,7835,3762,34262,7183,1094,703,7513,6481,15731,4706,12398,9879,0,0,0,0,0,0,0,0,0,0,16602,0,12172,14193,0,852,19490,11426,7257,7311,4630,4289,19171,74047,4586,11847,5139,1794,5763,0,0,0,122113,0,24499,5073,4970,7006,0,4599,0,6713,4560,0,7392,8231,16696,2594,2420,2057,8624,11230,15414,1563,10218,7554,5676,4338,17804,0,0,4668,0,0,7335,4423,32144,8012,740,740,4009,3211,15009,3038,14081,13623,0,0,0,0,0,0,0
g3xg9,0,0,0,15495,0,10241,14400,0,3637,13905,7277,9570,6326,3267,3988,15807,95461,3075,10049,5755,1187,5725,0,0,0,135361,0,22182,5135,3801,4691,0,3973,0,5372,4406,0,5448,7859,11289,1551,3070,1953,8533,10118,16848,1953,12224,3603,3308,3324,19867,0,0,4216,0,0,7835,3762,34262,7183,1094,703,7513,6481,15731,4706,12398,9879,0,0,0,0,0,0,0,0,0,0,16602,0,12172,14193,0,852,19490,11426,7257,7311,4630,4289,19171,74047,4586,11847,5139,1794,5763,0,0,0,122113,0,24499,5073,4970,7006,0,4599,0,6713,4560,0,7392,8231,16696,2594,2420,2057,8624,11230,15414,1563,10218,7554,5676,4338,17804,0,0,4668,0,0,7335,4423,32144,8012,740,740,4009,3211,15009,3038,14081,13623,0,0,0,0,0,0,0
g4xg10,0,0,0,9656,0,7901,9353,0,2372,14569,12993,5786,7446,1983,2875,15662,86399,2381,7829,5997,1437,7449,0,0,0,108915,0,32199,3025,2976,3113,0,2891,0,4240,5233,0,6025,11116,17557,1433,2140,1172,3655,12311,18051,1484,8563,5648,2528,2242,25797,0,0,5344,0,0,4667,2109,33101,5674,417,355,6975,5917,14562,5502,10431,9560,0,0,0,0,0,0,0,0,0,0,13340,0,12679,6605,0,3120,18084,14852,5915,5207,2875,2355,15183,68474,3028,7997,5406,2458,6990,0,0,0,110313,0,32704,3769,2158,3149,0,4873,0,4429,4861,0,7062,11856,13879,2204,2329,2363,5032,9696,13563,2673,7350,5513,5808,3885,15674,0,0,5288,0,0,4811,2250,34572,3943,1040,863,2654,2747,14094,3940,17186,15262,0,0,0,0,0,0,0
g4xg1,0,0,0,9656,0,7901,9353,0,2372,14569,12993,5786,7446,1983,2875,15662,86399,2381,7829,5997,1437,7449,0,0,0,108915,0,32199,3025,2976,3113,0,2891,0,4240,5233,0,6025,11116,17557,1433,2140,1172,3655,12311,18051,1484,8563,5648,2528,2242,25797,0,0,5344,0,0,4667,2109,33101,5674,417,355,6975,5917,14562,5502,10431,9560,0,0,0,0,0,0,0,0,0,0,13340,0,12679,6605,0,3120,18084,14852,5915,5207,2875,2355,15183,68474,3028,7997,5406,2458,6990,0,0,0,110313,0,32704,3769,2158,3149,0,4873,0,4429,4861,0,7062,11856,13879,2204,2329,2363,5032,9696,13563,2673,7350,5513,5808,3885,15674,0,0,5288,0,0,4811,2250,34572,3943,1040,863,2654,2747,14094,3940,17186,15262,0,0,0,0,0,0,0
g4xg2,0,0,0,9656,0,7901,9353,0,2372,14569,12993,5786,7446,1983,2875,15662,86399,2381,7829,5997,1437,7449,0,0,0,108915,0,32199,3025,2976,3113,0,2891,0,4240,5233,0,6025,11116,17557,1433,2140,1172,3655,12311,18051,1484,8563,5648,2528,2242,25797,0,0,5344,0,0,4667,2109,33101,5674,417,355,6975,5917,14562,5502,10431,9560,0,0,0,0,0,0,0,0,0,0,13340,0,12679,6605,0,3120,18084,14852,5915,5207,2875,2355,15183,68474,3028,7997,5406,2458,6990,0,0,0,110313,0,32704,3769,2158,3149,0,4873,0,4429,4861,0,7062,11856,13879,2204,2329,2363,5032,9696,13563,2673,7350,5513,5808,3885,15674,0,0,5288,0,0,4811,2250,34572,3943,1040,863,2654,2747,14094,3940,17186,15262,0,0,0,0,0,0,0
g4xg3,0,0,0,9656,0,7901,9353,0,2372,14569,12993,5786,7446,1983,2875,15662,86399,2381,7829,5997,1437,7449,0,0,0,108915,0,32199,3025,2976,3113,0,2891,0,4240,5233,0,6025,11116,17557,1433,2140,1172,3655,12311,18051,1484,8563,5648,2528,2242,25797,0,0,5344,0,0,4667,2109,33101,5674,417,355,6975,5917,14562,5502,10431,9560,0,0,0,0,0,0,0,0,0,0,13340,0,12679,6605,0,3120,18084,14852,5915,5207,2875,2355,15183,68474,3028,7997,5406,2458,6990,0,0,0,110313,0,32704,3769,2158,3149,0,4873,0,4429,4861,0,7062,11856,13879,2204,2329,2363,5032,9696,13563,2673,7350,5513,5808,3885,15674,0,0,5288,0,0,4811,2250,34572,3943,1040,863,2654,2747,14094,3940,17186,15262,0,0,0,0,0,0,0
g4xg5,0,0,0,9656,0,7901,9353,0,2372,14569,12993,5786,7446,1983,2875,15662,86399,2381,7829,5997,1437,7449,0,0,0,108915,0,32199,3025,2976,3113,0,2891,0,4240,5233,0,6025,11116,17557,1433,2140,1172,3655,12311,18051,1484,8563,5648,2528,2242,25797,0,0,5344,0,0,4667,2109,33101,5674,417,355,6975,5917,14562,5502,10431,9560,0,0,0,0,0,0,0,0,0,0,13340,0,12679,6605,0,3120,18084,14852,5915,5207,2875,2355,15183,68474,3028,7997,5406,2458,6990,0,0,0,110313,0,32704,3769,2158,3149,0,4873,0,4429,4861,0,7062,11856,13879,2204,2329,2363,5032,9696,13563,2673,7350,5513,5808,3885,15674,0,0,5288,0,0,4811,2250,34572,3943,1040,863,2654,2747,14094,3940,17186,15262,0,0,0,0,0,0,0
g4xg6,0,0,0,9656,0,7901,9353,0,2372,14569,12993,5786,7446,1983,2875,15662,86399,2381,7829,5997,1437,7449,0,0,0,108915,0,32199,3025,2976,3113,0,2891,0,4240,5233,0,6025,11116,17557,1433,2140,1172,3655,12311,18051,1484,8563,5648,2528,2242,25797,0,0,5344,0,0,4667,2109,33101,5674,417,355,6975,5917,14562,5502,10431,9560,0,0,0,0,0,0,0,0,0,0,13340,0,12679,6605,0,3120,18084,14852,5915,5207,2875,2355,15183,68474,3028,7997,5406,2458,6990,0,0,0,110313,0,32704,3769,2158,3149,0,4873,0,4429,4861,0,7062,11856,13879,2204,2329,2363,5032,9696,13563,2673,7350,5513,5808,3885,15674,0,0,5288,0,0,4811,2250,34572,3943,1040,863,2654,2747,14094,3940,17186,15262,0,0,0,0,0,0,0
g4xg7,0,0,0,9656,0,7901,9353,0,2372,14569,12993,5786,7446,1983,2875,15662,86399,2381,7829,5997,1437,7449,0,0,0,108915,0,32199,3025,2976,3113,0,2891,0,4240,5233,0,6025,11116,17557,1433,2140,1172,3655,12311,18051,1484,8563,5648,2528,2242,25797,0,0,5344,0,0,4667,2109,33101,5674,417,355,6975,5917,14562,5502,10431,9560,0,0,0,0,0,0,0,0,0,0,13340,0,12679,6605,0,3120,18084,14852,5915,5207,2875,2355,15183,68474,3028,7997,5406,2458,6990,0,0,0,110313,0,32704,3769,2158,3149,0,4873,0,4429,4861,0,7062,11856,13879,2204,2329,2363,5032,9696,13563,2673,7350,5513,5808,3885,15674,0,0,5288,0,0,4811,2250,34572,3943,1040,863,2654,2747,14094,3940,17186,15262,0,0,0,0,0,0,0
g4xg8,0,0,0,9656,0,7901,9353,0,2372,14569,12993,5786,7446,1983,2875,15662,86399,2381,7829,5997,1437,7449,0,0,0,108915,0,32199,3025,2976,3113,0,2891,0,4240,5233,0,6025,11116,17557,1433,2140,1172,3655,12311,18051,1484,8563,5648,2528,2242,25797,0,0,5344,0,0,4667,2109,33101,5674,417,355,6975,5917,14562,5502,10431,9560,0,0,0,0,0,0,0,0,0,0,13340,0,12679,6605,0,3120,18084,14852,5915,5207,2875,2355,15183,68474,3028,7997,5406,2458,6990,0,0,0,110313,0,32704,3769,2158,3149,0,4873,0,4429,4861,0,7062,11856,13879,2204,2329,2363,5032,9696,13563,2673,7350,5513,5808,3885,15674,0,0,5288,0,0,4811,2250,34572,3943,1040,863,2654,2747,14094,3940,17186,15262,0,0,0,0,0,0,0
g4xg9,0,0,0,9656,0,7901,9353,0,2372,14569,12993,5786,7446,1983,2875,15662,86399,2381,7829,5997,1437,7449,0,0,0,108915,0,32199,3025,2976,3113,0,2891,0,4240,5233,0,6025,11116,17557,1433,2140,1172,3655,12311,18051,1484,8563,5648,2528,2242,25797,0,0,5344,0,0,4667,2109,33101,5674,417,355,6975,5917,14562,5502,10431,9560,0,0,0,0,0,0,0,0,0,0,13340,0,12679,6605,0,3120,18084,14852,5915,5207,2875,2355,15183,68474,3028,7997,5406,2458,6990,0,0,0,110313,0,32704,3769,2158,3149,0,4873,0,4429,4861,0,7062,11856,13879,2204,2329,2363,5032,9696,13563,2673,7350,5513,5808,3885,15674,0,0,5288,0,0,4811,2250,34572,3943,1040,863,2654,2747,14094,3940,17186,15262,0,0,0,0,0,0,0
g5xg10,0,0,0,26515,0,12690,10583,0,3016,10623,8224,6136,4877,4002,1413,10679,78460,1498,7192,4327,4223,4322,0,0,0,102976,0,18257,3321,4316,2189,0,3633,0,1994,2963,0,4675,10873,17566,2279,4012,5273,7341,4798,6289,3289,2982,9546,4280,7049,16585,0,0,4615,0,0,6384,5431,31375,5367,1463,1197,2649,2105,9896,2640,11776,10768,0,0,0,0,0,0,0,0,0,0,29374,0,9735,12489,0,2006,16914,11202,5173,8393,4819,2390,15928,55380,3293,7814,4171,3828,2711,0,0,0,109871,0,21212,1826,7379,3499,0,2631,0,3060,3110,0,8784,1230,17237,2207,2267,3558,1686,3575,7040,1912,3119,8315,8799,8132,17600,0,0,6244,0,0,6264,3414,27131,11543,624,500,1389,1318,6890,2983,19868,15609,0,0,0,0,0,0,0
g5xg1,0,0,0,26515,0,12690,10583,0,3016,10623,8224,6136,4877,4002,1413,10679,78460,1498,7192,4327,4223,4322,0,0,0,102976,0,18257,3321,4316,2189,0,3633,0,1994,2963,0,4675,10873,17566,2279,4012,5273,7341,4798,6289,3289,2982,9546,4280,7049,16585,0,0,4615,0,0,6384,5431,31375,5367,1463,1197,2649,2105,9896,2640,11776,10768,0,0,0,0,0,0,0,0,0,0,29374,0,9735,12489,0,2006,16914,11202,5173,8393,4819,2390,15928,55380,3293,7814,4171,3828,2711,0,0,0,109871,0,21212,1826,7379,3499,0,2631,0,3060,3110,0,8784,1230,17237,2207,2267,3558,1686,3575,7040,1912,3119,8315,8799,8132,17600,0,0,6244,0,0,6264,3414,27131,11543,624,500,1389,1318,6890,2983,19868,15609,0,0,0,0,0,0,0
g5xg2,0,0,0,26515,0,12690,10583,0,3016,10623,8224,6136,4877,4002,1413,10679,78460,1498,7192,4327,4223,4322,0,0,0,102976,0,18257,3321,4316,2189,0,3633,0,1994,2963,0,4675,10873,17566,2279,4012,5273,7341,4798,6289,3289,2982,9546,4280,7049,16585,0,0,4615,0,0,6384,5431,31375,5367,1463,1197,2649,2105,9896,2640,11776,10768,0,0,0,0,0,0,0,0,0,0,29374,0,9735,12489,0,2006,16914,11202,5173,8393,4819,2390,15928,55380,3293,7814,4171,3828,2711,0,0,0,109871,0,21212,1826,7379,3499,0,2631,0,3060,3110,0,8784,1230,17237,2207,2267,3558,1686,3575,7040,1912,3119,8315,8799,8132,17600,0,0,6244,0,0,6264,3414,27131,11543,624,500,1389,1318,6890,2983,19868,15609,0,0,0,0,0,0,0
g5xg3,0,0,0,26515,0,12690,10583,0,3016,10623,8224,6136,4877,4002,1413,10679,78460,1498,7192,4327,4223,4322,0,0,0,102976,0,18257,3321,4316,2189,0,3633,0,1994,2963,0,4675,10873,17566,2279,4012,5273,7341,4798,6289,3289,2982,9546,4280,7049,16585,0,0,4615,0,0,6384,5431,31375,5367,1463,1197,2649,2105,9896,2640,11776,10768,0,0,0,0,0,0,0,0,0,0,29374,0,9735,12489,0,2006,16914,11202,5173,8393,4819,2390,15928,55380,3293,7814,4171,3828,2711,0,0,0,109871,0,21212,1826,7379,3499,0,2631,0,3060,3110,0,8784,1230,17237,2207,2267,3558,1686,3575,7040,1912,3119,8315,8799,8132,17600,0,0,6244,0,0,6264,3414,27131,11543,624,500,1389,1318,6890,2983,19868,15609,0,0,0,0,0,0,0
g5xg4,0,0,0,26515,0,12690,10583,0,3016,10623,8224,6136,4877,4002,1413,10679,78460,1498,7192,4327,4223,4322,0,0,0,102976,0,18257,3321,4316,2189,0,3633,0,1994,2963,0,4675,10873,17566,2279,4012,5273,7341,4798,6289,3289,2982,9546,4280,7049,16585,0,0,4615,0,0,6384,5431,31375,5367,1463,1197,2649,2105,9896,2640,11776,10768,0,0,0,0,0,0,0,0,0,0,29374,0,9735,12489,0,2006,16914,11202,5173,8393,4819,2390,15928,55380,3293,7814,4171,3828,2711,0,0,0,109871,0,21212,1826,7379,3499,0,2631,0,3060,3110,0,8784,1230,17237,2207,2267,3558,1686,3575,7040,1912,3119,8315,8799,8132,17600,0,0,6244,0,0,6264,3414,27131,11543,624,500,1389,1318,6890,2983,19868,15609,0,0,0,0,0,0,0
g5xg6,0,0,0,26515,0,12690,10583,0,3016,10623,8224,6136,4877,4002,1413,10679,78460,1498,7192,4327,4223,4322,0,0,0,102976,0,18257,3321,4316,2189,0,3633,0,1994,2963,0,4675,10873,17566,2279,4012,5273,7341,4798,6289,3289,2982,9546,4280,7049,16585,0,0,4615,0,0,6384,5431,31375,5367,1463,1197,2649,2105,9896,2640,11776,10768,0,0,0,0,0,0,0,0,0,0,29374,0,9735,12489,0,2006,16914,11202,5173,8393,4819,2390,15928,55380,3293,7814,4171,3828,2711,0,0,0,109871,0,21212,1826,7379,3499,0,2631,0,3060,3110,0,8784,1230,17237,2207,2267,3558,1686,3575,7040,1912,3119,8315,8799,8132,17600,0,0,6244,0,0,6264,3414,27131,11543,624,500,1389,1318,6890,2983,19868,15609,0,0,0,0,0,0,0
g5xg7,0,0,0,26515,0,12690,10583,0,3016,10623,8224,6136,4877,4002,1413,10679,78460,1498,7192,4327,4223,4322,0,0,0,102976,0,18257,3321,4316,2189,0,3633,0,1994,2963,0,4675,10873,17566,2279,4012,5273,7341,4798,6289,3289,2982,9546,4280,7049,16585,0,0,4615,0,0,6384,5431,31375,5367,1463,1197,2649,2105,9896,2640,11776,10768,0,0,0,0,0,0,0,0,0,0,29374,0,9735,12489,0,2006,16914,11202,5173,8393,4819,2390,15928,55380,3293,7814,4171,3828,2711,0,0,0,109871,0,21212,1826,7379,3499,0,2631,0,3060,3110,0,8784,1230,17237,2207,2267,3558,1686,3575,7040,1912,3119,8315,8799,8132,17600,0,0,6244,0,0,6264,3414,27131,11543,624,500,1389,1318,6890,2983,19868,15609,0,0,0,0,0,0,0
g5xg8,0,0,0,26515,0,12690,10583,0,3016,10623,8224,6136,4877,4002,1413,10679,78460,1498,7192,4327,4223,4322,0,0,0,102976,0,18257,3321,4316,2189,0,3633,0,1994,2963,0,4675,10873,17566,2279,4012,5273,7341,4798,6289,3289,2982,9546,4280,7049,16585,0,0,4615,0,0,6384,5431,31375,5367,1463,1197,2649,2105,9896,2640,11776,10768,0,0,0,0,0,0,0,0,0,0,29374,0,9735,12489,0,2006,16914,11202,5173,8393,4819,2390,15928,55380,3293,7814,4171,3828,2711,0,0,0,109871,0,21212,1826,7379,3499,0,2631,0,3060,3110,0,8784,1230,17237,2207,2267,3558,1686,3575,7040,1912,3119,8315,8799,8132,17600,0,0,6244,0,0,6264,3414,27131,11543,624,500,1389,1318,6890,2983,19868,15609,0,0,0,0,0,0,0
g5xg9,0,0,0,26515,0,12690,10583,0,3016,10623,8224,6136,4877,4002,1413,10679,78460,1498,7192,4327,4223,4322,0,0,0,102976,0,18257,3321,4316,2189,0,3633,0,1994,2963,0,4675,10873,17566,2279,4012,5273,7341,4798,6289,3289,2982,9546,4280,7049,16585,0,0,4615,0,0,6384,5431,31375,5367,1463,1197,2649,2105,9896,2640,11776,10768,0,0,0,0,0,0,0,0,0,0,29374,0,9735,12489,0,2006,16914,11202,5173,8393,4819,2390,15928,55380,3293,7814,4171,3828,2711,0,0,0,109871,0,21212,1826,7379,3499,0,2631,0,3060,3110,0,8784,1230,17237,2207,2267,3558,1686,3575,7040,1912,3119,8315,8799,8132,17600,0,0,6244,0,0,6264,3414,27131,11543,624,500,1389,1318,6890,2983,19868,15609,0,0,0,0,0,0,0
g6xg10,0,0,0,8933,0,12491,13584,0,2675,13670,9157,5150,9087,5759,2053,13228,67300,2340,8737,4893,3770,3093,0,0,0,131558,0,17503,3463,3743,4665,0,3552,0,3932,808,0,4707,7204,9478,1456,3283,2632,3405,4728,9982,1686,5739,3163,4571,2390,17324,0,0,4425,0,0,5462,6925,32004,5706,1402,1080,3385,3517,10063,1525,17110,10677,0,0,0,0,0,0,0,0,0,0,7488,0,10975,12775,0,2427,14240,8272,8640,7638,7298,2884,10274,70454,2977,8358,4695,5288,5087,0,0,0,113134,0,17936,3164,4184,3374,0,3103,0,4500,794,0,4678,9120,15265,2543,1953,2176,5016,9346,13341,1583,8746,1875,2115,1728,19627,0,0,4917,0,0,4332,6478,28069,7767,312,355,4606,3395,12786,3168,15348,11040,0,0,0,0,0,0,0
g6xg1,0,0,0,8933,0,12491,13584,0,2675,13670,9157,5150,9087,5759,2053,13228,67300,2340,8737,4893,3770,3093,0,0,0,131558,0,17503,3463,3743,4665,0,3552,0,3932,808,0,4707,7204,9478,1456,3283,2632,3405,4728,9982,1686,5739,3163,4571,2390,17324,0,0,4425,0,0,5462,6925,32004,5706,1402,1080,3385,3517,10063,1525,17110,10677,0,0,0,0,0,0,0,0,0,0,7488,0,10975,12775,0,2427,14240,8272,8640,7638,7298,2884,10274,70454,2977,8358,4695,5288,5087,0,0,0,113134,0,17936,3164,4184,3374,0,3103,0,4500,794,0,4678,9120,15265,2543,1953,2176,5016,9346,13341,1583,8746,1875,2115,1728,19627,0,0,4917,0,0,4332,6478,28069,7767,312,355,4606,3395,12786,3168,15348,11040,0,0,0,0,0,0,0
g6xg2,0,0,0,8933,0,12491,13584,0,2675,13670,9157,5150,9087,5759,2053,13228,67300,2340,8737,4893,3770,3093,0,0,0,131558,0,17503,3463,3743,4665,0,3552,0,3932,808,0,4707,7204,9478,1456,3283,2632,3405,4728,9982,1686,5739,3163,4571,2390,17324,0,0,4425,0,0,5462,6925,32004,5706,1402,1080,3385,3517,10063,1525,17110,10677,0,0,0,0,0,0,0,0,0,0,7488,0,10975,12775,0,2427,14240,8272,8640,7638,7298,2884,10274,70454,2977,8358,4695,5288,5087,0,0,0,113134,0,17936,3164,4184,3374,0,3103,0,4500,794,0,4678,9120,15265,2543,1953,2176,5016,9346,13341,1583,8746,1875,2115,1728,19627,0,0,4917,0,0,4332,6478,28069,7767,312,355,4606,3395,12786,3168,15348,11040,0,0,0,0,0,0,0
g6xg3,0,0,0,8933,0,12491,13584,0,2675,13670,9157,5150,9087,5759,2053,13228,67300,2340,8737,4893,3770,3093,0,0,0,131558,0,17503,3463,3743,4665,0,3552,0,3932,808,0,4707,7204,9478,1456,3283,2632,3405,4728,9982,1686,5739,3163,4571,2390,17324,0,0,4425,0,0,5462,6925,32004,5706,1402,1080,3385,3517,10063,1525,17110,10677,0,0,0,0,0,0,0,0,0,0,7488,0,10975,12775,0,2427,14240,8272,8640,7638,7298,2884,10274,70454,2977,8358,4695,5288,5087,0,0,0,113134,0,17936,3164,4184,3374,0,3103,0,4500,794,0,4678,9120,15265,2543,1953,2176,5016,9346,13341,1583,8746,1875,2115,1728,19627,0,0,4917,0,0,4332,6478,28069,7767,312,355,4606,3395,12786,3168,15348,11040,0,0,0,0,0,0,0
g6xg4,0,0,0,8933,0,12491,13584,0,2675,13670,9157,5150,9087,5759,2053,13228,67300,2340,8737,4893,3770,3093,0,0,0,131558,0,17503,3463,3743,4665,0,3552,0,3932,808,0,4707,7204,9478,1456,3283,2632,3405,4728,9982,1686,5739,3163,4571,2390,17324,0,0,4425,0,0,5462,6925,32004,5706,1402,1080,3385,3517,10063,1525,17110,10677,0,0,0,0,0,0,0,0,0,0,7488,0,10975,12775,0,2427,14240,8272,8640,7638,7298,2884,10274,70454,2977,8358,4695,5288,5087,0,0,0,113134,0,17936,3164,4184,3374,0,3103,0,4500,794,0,4678,9120,15265,2543,1953,2176,5016,9346,13341,1583,8746,1875,2115,1728,19627,0,0,4917,0,0,4332,6478,28069,7767,312,355,4606,3395,12786,3168,15348,11040,0,0,0,0,0,0,0
g6xg5,0,0,0,8933,0,12491,13584,0,2675,13670,9157,5150,9087,5759,2053,13228,67300,2340,8737,4893,3770,3093,0,0,0,131558,0,17503,3463,3743,4665,0,3552,0,3932,808,0,4707,7204,9478,1456,3283,2632,3405,4728,9982,1686,5739,3163,4571,2390,17324,0,0,4425,0,0,5462,6925,32004,5706,1402,1080,3385,3517,10063,1525,17110,10677,0,0,0,0,0,0,0,0,0,0,7488,0,10975,12775,0,2427,14240,8272,8640,7638,7298,2884,10274,70454,2977,8358,4695,5288,5087,0,0,0,113134,0,17936,3164,4184,3374,0,3103,0,4500,794,0,4678,9120,15265,2543,1953,2176,5016,9346,13341,1583,8746,1875,2115,1728,19627,0,0,4917,0,0,4332,6478,28069,7767,312,355,4606,3395,12786,3168,15348,11040,0,0,0,0,0,0,0
g6xg7,0,0,0,8933,0,12491,13584,0,2675,13670,9157,5150,9087,5759,2053,13228,67300,2340,8737,4893,3770,3093,0,0,0,131558,0,17503,3463,3743,4665,0,3552,0,3932,808,0,4707,7204,9478,1456,3283,2632,3405,4728,9982,1686,5739,3163,4571,2390,17324,0,0,4425,0,0,5462,6925,32004,5706,1402,1080,3385,3517,10063,1525,17110,10677,0,0,0,0,0,0,0,0,0,0,7488,0,10975,12775,0,2427,14240,8272,8640,7638,7298,2884,10274,70454,2977,8358,4695,5288,5087,0,0,0,113134,0,17936,3164,4184,3374,0,3103,0,4500,794,0,4678,9120,15265,2543,1953,2176,5016,9346,13341,1583,8746,1875,2115,1728,19627,0,0,4917,0,0,4332,6478,28069,7767,312,355,4606,3395,12786,3168,15348,11040,0,0,0,0,0,0,0
g6xg8,0,0,0,8933,0,12491,13584,0,2675,13670,9157,5150,9087,5759,2053,13228,67300,2340,8737,4893,3770,3093,0,0,0,131558,0,17503,3463,3743,4665,0,3552,0,3932,808,0,4707,7204,9478,1456,3283,2632,3405,4728,9982,1686,5739,3163,4571,2390,17324,0,0,4425,0,0,5462,6925,32004,5706,1402,1080,3385,3517,10063,1525,17110,10677,0,0,0,0,0,0,0,0,0,0,7488,0,10975,12775,0,2427,14240,8272,8640,7638,7298,2884,10274,70454,2977,8358,4695,5288,5087,0,0,0,113134,0,17936,3164,4184,3374,0,3103,0,4500,794,0,4678,9120,15265,2543,1953,2176,5016,9346,13341,1583,8746,1875,2115,1728,19627,0,0,4917,0,0,4332,6478,28069,7767,312,355,4606,3395,12786,3168,15348,11040,0,0,0,0,0,0,0
g6xg9,0,0,0,8933,0,12491,13584,0,2675,13670,9157,5150,9087,5759,2053,13228,67300,2340,8737,4893,3770,3093,0,0,0,131558,0,17503,3463,3743,4665,0,3552,0,3932,808,0,4707,7204,9478,1456,3283,2632,3405,4728,9982,1686,5739,3163,4571,2390,17324,0,0,4425,0,0,5462,6925,32004,5706,1402,1080,3385,3517,10063,1525,17110,10677,0,0,0,0,0,0,0,0,0,0,7488,0,10975,12775,0,2427,14240,8272,8640,7638,7298,2884,10274,70454,2977,8358,4695,5288,5087,0,0,0,113134,0,17936,3164,4184,3374,0,3103,0,4500,794,0,4678,9120,15265,2543,1953,2176,5016,9346,13341,1583,8746,1875,2115,1728,19627,0,0,4917,0,0,4332,6478,28069,7767,312,355,4606,3395,12786,3168,15348,11040,0,0,0,0,0,0,0
g7xg10,0,0,0,15227,0,12090,12208,0,3597,10233,5838,6074,4510,4087,2480,11439,82753,2287,8826,4535,1938,4822,0,0,0,122601,0,23103,6579,2851,4567,0,3525,0,2525,4112,0,6953,7589,10562,1071,1936,1449,3375,10942,11533,2662,10905,3602,1526,1287,18583,0,0,6170,0,0,6563,5336,33331,8116,1092,605,9352,7767,14908,2507,10140,16975,0,0,0,0,0,0,0,0,0,0,12598,0,14061,12052,0,1296,18080,16535,6847,10875,4339,2870,16676,45753,2426,8342,4770,4041,4691,0,0,0,122497,0,26509,5892,2668,6170,0,3776,0,3718,3860,0,13110,3045,10222,2439,2142,5037,3088,10434,11269,3374,10417,2707,2591,1389,18914,0,0,6840,0,0,7532,4963,31014,5800,1342,927,6472,4677,16689,3952,12544,18255,0,0,0,0,0,0,0
g7xg1,0,0,0,15227,0,12090,12208,0,3597,10233,5838,6074,4510,4087,2480,11439,82753,2287,8826,4535,1938,4822,0,0,0,122601,0,23103,6579,2851,4567,0,3525,0,2525,4112,0,6953,7589,10562,1071,1936,1449,3375,10942,11533,2662,10905,3602,1526,1287,18583,0,0,6170,0,0,6563,5336,33331,8116,1092,605,9352,7767,14908,2507,10140,16975,0,0,0,0,0,0,0,0,0,0,12598,0,14061,12052,0,1296,18080,16535,6847,10875,4339,2870,16676,45753,2426,8342,4770,4041,4691,0,0,0,122497,0,26509,5892,2668,6170,0,3776,0,3718,3860,0,13110,3045,10222,2439,2142,5037,3088,10434,11269,3374,10417,2707,2591,1389,18914,0,0,6840,0,0,7532,4963,31014,5800,1342,927,6472,4677,16689,3952,12544,18255,0,0,0,0,0,0,0
g7xg2,0,0,0,15227,0,12090,12208,0,3597,10233,5838,6074,4510,4087,2480,11439,82753,2287,8826,4535,1938,4822,0,0,0,122601,0,23103,6579,2851,4567,0,3525,0,2525,4112,0,6953,7589,10562,1071,1936,1449,3375,10942,11533,2662,10905,3602,1526,1287,18583,0,0,6170,0,0,6563,5336,33331,8116,1092,605,9352,7767,14908,2507,10140,16975,0,0,0,0,0,0,0,0,0,0,12598,0,14061,12052,0,1296,18080,16535,6847,10875,4339,2870,16676,45753,2426,8342,4770,4041,4691,0,0,0,122497,0,26509,5892,2668,6170,0,3776,0,3718,3860,0,13110,3045,10222,2439,2142,5037,3088,10434,11269,3374,10417,2707,2591,1389,18914,0,0,6840,0,0,7532,4963,31014,5800,1342,927,6472,4677,16689,3952,12544,18255,0,0,0,0,0,0,0
g7xg3,0,0,0,15227,0,12090,12208,0,3597,10233,5838,6074,4510,4087,2480,11439,82753,2287,8826,4535,1938,4822,0,0,0,122601,0,23103,6579,2851,4567,0,3525,0,2525,4112,0,6953,7589,10562,1071,1936,1449,3375,10942,11533,2662,10905,3602,1526,1287,18583,0,0,6170,0,0,6563,5336,33331,8116,1092,605,9352,7767,14908,2507,10140,16975,0,0,0,0,0,0,0,0,0,0,12598,0,14061,12052,0,1296,18080,16535,6847,10875,4339,2870,16676,45753,2426,8342,4770,4041,4691,0,0,0,122497,0,26509,5892,2668,6170,0,3776,0,3718,3860,0,13110,3045,10222,2439,2142,5037,3088,10434,11269,3374,10417,2707,2591,1389,18914,0,0,6840,0,0,7532,4963,31014,5800,1342,927,6472,4677,16689,3952,12544,18255,0,0,0,0,0,0,0
g7xg4,0,0,0,15227,0,12090,12208,0,3597,10233,5838,6074,4510,4087,2480,11439,82753,2287,8826,4535,1938,4822,0,0,0,122601,0,23103,6579,2851,4567,0,3525,0,2525,4112,0,6953,7589,10562,1071,1936,1449,3375,10942,11533,2662,10905,3602,1526,1287,18583,0,0,6170,0,0,6563,5336,33331,8116,1092,605,9352,7767,14908,2507,10140,16975,0,0,0,0,0,0,0,0,0,0,12598,0,14061,12052,0,1296,18080,16535,6847,10875,4339,2870,16676,45753,2426,8342,4770,4041,4691,0,0,0,122497,0,26509,5892,2668,6170,0,3776,0,3718,3860,0,13110,3045,10222,2439,2142,5037,3088,10434,11269,3374,10417,2707,2591,1389,18914,0,0,6840,0,0,7532,4963,31014,5800,1342,927,6472,4677,16689,3952,12544,18255,0,0,0,0,0,0,0
g7xg5,0,0,0,15227,0,12090,12208,0,3597,10233,5838,6074,4510,4087,2480,11439,82753,2287,8826,4535,1938,4822,0,0,0,122601,0,23103,6579,2851,4567,0,3525,0,2525,4112,0,6953,7589,10562,1071,1936,1449,3375,10942,11533,2662,10905,3602,1526,1287,18583,0,0,6170,0,0,6563,5336,33331,8116,1092,605,9352,7767,14908,2507,10140,16975,0,0,0,0,0,0,0,0,0,0,12598,0,14061,12052,0,1296,18080,16535,6847,10875,4339,2870,16676,45753,2426,8342,4770,4041,4691,0,0,0,122497,0,26509,5892,2668,6170,0,3776,0,3718,3860,0,13110,3045,10222,2439,2142,5037,3088,10434,11269,3374,10417,2707,2591,1389,18914,0,0,6840,0,0,7532,4963,31014,5800,1342,927,6472,4677,16689,3952,12544,18255,0,0,0,0,0,0,0
g7xg6,0,0,0,15227,0,12090,12208,0,3597,10233,5838,6074,4510,4087,2480,11439,82753,2287,8826,4535,1938,4822,0,0,0,122601,0,23103,6579,2851,4567,0,3525,0,2525,4112,0,6953,7589,10562,1071,1936,1449,3375,10942,11533,2662,10905,3602,1526,1287,18583,0,0,6170,0,0,6563,5336,33331,8116,1092,605,9352,7767,14908,2507,10140,16975,0,0,0,0,0,0,0,0,0,0,12598,0,14061,12052,0,1296,18080,16535,6847,10875,4339,2870,16676,45753,2426,8342,4770,4041,4691,0,0,0,122497,0,26509,5892,2668,6170,0,3776,0,3718,3860,0,13110,3045,10222,2439,2142,5037,3088,10434,11269,3374,10417,2707,2591,1389,18914,0,0,6840,0,0,7532,4963,31014,5800,1342,927,6472,4677,16689,3952,12544,18255,0,0,0,0,0,0,0
g7xg8,0,0,0,15227,0,12090,12208,0,3597,10233,5838,6074,4510,4087,2480,11439,82753,2287,8826,4535,1938,4822,0,0,0,122601,0,23103,6579,2851,4567,0,3525,0,2525,4112,0,6953,7589,10562,1071,1936,1449,3375,10942,11533,2662,10905,3602,1526,1287,18583,0,0,6170,0,0,6563,5336,33331,8116,1092,605,9352,7767,14908,2507,10140,16975,0,0,0,0,0,0,0,0,0,0,12598,0,14061,12052,0,1296,18080,16535,6847,10875,4339,2870,16676,45753,2426,8342,4770,4041,4691,0,0,0,122497,0,26509,5892,2668,6170,0,3776,0,3718,3860,0,13110,3045,10222,2439,2142,5037,3088,10434,11269,3374,10417,2707,2591,1389,18914,0,0,6840,0,0,7532,4963,31014,5800,1342,927,6472,4677,16689,3952,12544,18255,0,0,0,0,0,0,0
g7xg9,0,0,0,15227,0,12090,12208,0,3597,10233,5838,6074,4510,4087,2480,11439,82753,2287,8826,4535,1938,4822,0,0,0,122601,0,23103,6579,2851,4567,0,3525,0,2525,4112,0,6953,7589,10562,1071,1936,1449,3375,10942,11533,2662,10905,3602,1526,1287,18583,0,0,6170,0,0,6563,5336,33331,8116,1092,605,9352,7767,14908,2507,10140,16975,0,0,0,0,0,0,0,0,0,0,12598,0,14061,12052,0,1296,18080,16535,6847,10875,4339,2870,16676,45753,2426,8342,4770,4041,4691,0,0,0,122497,0,26509,5892,2668,6170,0,3776,0,3718,3860,0,13110,3045,10222,2439,2142,5037,3088,10434,11269,3374,10417,2707,2591,1389,18914,0,0,6840,0,0,7532,4963,31014,5800,1342,927,6472,4677,16689,3952,12544,18255,0,0,0,0,0,0,0
g8xg10,0,0,0,17655,0,13014,8036,0,1230,14923,10504,6014,8858,3155,4503,8405,77386,1492,6763,4385,2006,3714,0,0,0,140612,0,22580,4086,2787,3684,0,2960,0,1884,5075,0,5134,8704,14069,474,2086,2579,3817,5993,5656,3417,4251,7437,6896,5718,19491,0,0,3203,0,0,3851,3237,28424,4579,1219,744,3635,3407,5544,773,11383,12090,0,0,0,0,0,0,0,0,0,0,9730,0,10623,11795,0,3507,16282,8949,5041,8707,2639,3196,10807,76283,1573,7346,3700,2347,7133,0,0,0,124218,0,19455,4642,3264,4055,0,3415,0,3639,4817,0,5970,9816,19759,604,2446,3348,5148,8411,9100,2219,7525,6258,3637,4240,19724,0,0,4290,0,0,4076,2526,28196,7600,1363,1190,3648,3399,8394,1184,12541,13207,0,0,0,0,0,0,0
g8xg1,0,0,0,17655,0,13014,8036,0,1230,14923,10504,6014,8858,3155,4503,8405,77386,1492,6763,4385,2006,3714,0,0,0,140612,0,22580,4086,2787,3684,0,2960,0,1884,5075,0,5134,8704,14069,474,2086,2579,3817,5993,5656,3417,4251,7437,6896,5718,19491,0,0,3203,0,0,3851,3237,28424,4579,1219,744,3635,3407,5544,773,11383,12090,0,0,0,0,0,0,0,0,0,0,9730,0,10623,11795,0,3507,16282,8949,5041,8707,2639,3196,10807,76283,1573,7346,3700,2347,7133,0,0,0,124218,0,19455,4642,3264,4055,0,3415,0,3639,4817,0,5970,9816,19759,604,2446,3348,5148,8411,9100,2219,7525,6258,3637,4240,19724,0,0,4290,0,0,4076,2526,28196,7600,1363,1190,3648,3399,8394,1184,12541,13207,0,0,0,0,0,0,0
g8xg2,0,0,0,17655,0,13014,8036,0,1230,14923,10504,6014,8858,3155,4503,8405,77386,1492,6763,4385,2006,3714,0,0,0,140612,0,22580,4086,2787,3684,0,2960,0,1884,5075,0,5134,8704,14069,474,2086,2579,3817,5993,5656,3417,4251,7437,6896,5718,19491,0,0,3203,0,0,3851,3237,28424,4579,1219,744,3635,3407,5544,773,11383,12090,0,0,0,0,0,0,0,0,0,0,9730,0,10623,11795,0,3507,16282,8949,5041,8707,2639,3196,10807,76283,1573,7346,3700,2347,7133,0,0,0,124218,0,19455,4642,3264,4055,0,3415,0,3639,4817,0,5970,9816,19759,604,2446,3348,5148,8411,9100,2219,7525,6258,3637,4240,19724,0,0,4290,0,0,4076,2526,28196,7600,1363,1190,3648,3399,8394,1184,12541,13207,0,0,0,0,0,0,0
g8xg3,0,0,0,17655,0,13014,8036,0,1230,14923,10504,6014,8858,3155,4503,8405,77386,1492,6763,4385,2006,3714,0,0,0,140612,0,22580,4086,2787,3684,0,2960,0,1884,5075,0,5134,8704,14069,474,2086,2579,3817,5993,5656,3417,4251,7437,6896,5718,19491,0,0,3203,0,0,3851,3237,28424,4579,1219,744,3635,3407,5544,773,11383,12090,0,0,0,0,0,0,0,0,0,0,9730,0,10623,11795,0,3507,16282,8949,5041,8707,2639,3196,10807,76283,1573,7346,3700,2347,7133,0,0,0,124218,0,19455,4642,3264,4055,0,3415,0,3639,4817,0,5970,9816,19759,604,2446,3348,5148,8411,9100,2219,7525,6258,3637,4240,19724,0,0,4290,0,0,4076,2526,28196,7600,1363,1190,3648,3399,8394,1184,12541,13207,0,0,0,0,0,0,0
g8xg4,0,0,0,17655,0,13014,8036,0,1230,14923,10504,6014,8858,3155,4503,8405,77386,1492,6763,4385,2006,3714,0,0,0,140612,0,22580,4086,2787,3684,0,2960,0,1884,5075,0,5134,8704,14069,474,2086,2579,3817,5993,5656,3417,4251,7437,6896,5718,19491,0,0,3203,0,0,3851,3237,28424,4579,1219,744,3635,3407,5544,773,11383,12090,0,0,0,0,0,0,0,0,0,0,9730,0,10623,11795,0,3507,16282,8949,5041,8707,2639,3196,10807,76283,1573,7346,3700,2347,7133,0,0,0,124218,0,19455,4642,3264,4055,0,3415,0,3639,4817,0,5970,9816,19759,604,2446,3348,5148,8411,9100,2219,7525,6258,3637,4240,19724,0,0,4290,0,0,4076,2526,28196,7600,1363,1190,3648,3399,8394,1184,12541,13207,0,0,0,0,0,0,0
g8xg5,0,0,0,17655,0,13014,8036,0,1230,14923,10504,6014,8858,3155,4503,8405,77386,1492,6763,4385,2006,3714,0,0,0,140612,0,22580,4086,2787,3684,0,2960,0,1884,5075,0,5134,8704,14069,474,2086,2579,3817,5993,5656,3417,4251,7437,6896,5718,19491,0,0,3203,0,0,3851,3237,28424,4579,1219,744,3635,3407,5544,773,11383,12090,0,0,0,0,0,0,0,0,0,0,9730,0,10623,11795,0,3507,16282,8949,5041,8707,2639,3196,10807,76283,1573,7346,3700,2347,7133,0,0,0,124218,0,19455,4642,3264,4055,0,3415,0,3639,4817,0,5970,9816,19759,604,2446,3348,5148,8411,9100,2219,7525,6258,3637,4240,19724,0,0,4290,0,0,4076,2526,28196,7600,1363,1190,3648,3399,8394,1184,12541,13207,0,0,0,0,0,0,0
g8xg6,0,0,0,17655,0,13014,8036,0,1230,14923,10504,6014,8858,3155,4503,8405,77386,1492,6763,4385,2006,3714,0,0,0,140612,0,22580,4086,2787,3684,0,2960,0,1884,5075,0,5134,8704,14069,474,2086,2579,3817,5993,5656,3417,4251,7437,6896,5718,19491,0,0,3203,0,0,3851,3237,28424,4579,1219,744,3635,3407,5544,773,11383,12090,0,0,0,0,0,0,0,0,0,0,9730,0,10623,11795,0,3507,16282,8949,5041,8707,2639,3196,10807,76283,1573,7346,3700,2347,7133,0,0,0,124218,0,19455,4642,3264,4055,0,3415,0,3639,4817,0,5970,9816,19759,604,2446,3348,5148,8411,9100,2219,7525,6258,3637,4240,19724,0,0,4290,0,0,4076,2526,28196,7600,1363,1190,3648,3399,8394,1184,12541,13207,0,0,0,0,0,0,0
g8xg7,0,0,0,17655,0,13014,8036,0,1230,14923,10504,6014,8858,3155,4503,8405,77386,1492,6763,4385,2006,3714,0,0,0,140612,0,22580,4086,2787,3684,0,2960,0,1884,5075,0,5134,8704,14069,474,2086,2579,3817,5993,5656,3417,4251,7437,6896,5718,19491,0,0,3203,0,0,3851,3237,28424,4579,1219,744,3635,3407,5544,773,11383,12090,0,0,0,0,0,0,0,0,0,0,9730,0,10623,11795,0,3507,16282,8949,5041,8707,2639,3196,10807,76283,1573,7346,3700,2347,7133,0,0,0,124218,0,19455,4642,3264,4055,0,3415,0,3639,4817,0,5970,9816,19759,604,2446,3348,5148,8411,9100,2219,7525,6258,3637,4240,19724,0,0,4290,0,0,4076,2526,28196,7600,1363,1190,3648,3399,8394,1184,12541,13207,0,0,0,0,0,0,0
g8xg9,0,0,0,17655,0,13014,8036,0,1230,14923,10504,6014,8858,3155,4503,8405,77386,1492,6763,4385,2006,3714,0,0,0,140612,0,22580,4086,2787,3684,0,2960,0,1884,5075,0,5134,8704,14069,474,2086,2579,3817,5993,5656,3417,4251,7437,6896,5718,19491,0,0,3203,0,0,3851,3237,28424,4579,1219,744,3635,3407,5544,773,11383,12090,0,0,0,0,0,0,0,0,0,0,9730,0,10623,11795,0,3507,16282,8949,5041,8707,2639,3196,10807,76283,1573,7346,3700,2347,7133,0,0,0,124218,0,19455,4642,3264,4055,0,3415,0,3639,4817,0,5970,9816,19759,604,2446,3348,5148,8411,9100,2219,7525,6258,3637,4240,19724,0,0,4290,0,0,4076,2526,28196,7600,1363,1190,3648,3399,8394,1184,12541,13207,0,0,0,0,0,0,0
g9xg10,0,0,0,9379,0,11869,8089,0,1974,17994,10428,5666,10125,2717,3769,14705,69732,2038,8412,5601,3333,5649,0,0,0,129574,0,20199,5016,2099,3667,0,4051,0,3800,3942,0,9437,5763,16734,1246,3643,4153,5079,10148,12207,2786,10673,1996,1018,630,20312,0,0,3139,0,0,6895,2857,29816,4696,1523,1195,8231,6025,9849,3677,15394,11805,0,0,0,0,0,0,0,0,0,0,4639,0,14319,10525,0,1874,16937,10898,8286,5344,3477,3453,13743,68169,1188,8771,5414,2625,3983,0,0,0,125829,0,18235,5027,3162,5183,0,4441,0,3729,3775,0,13555,11254,14971,1074,4573,4687,6905,7536,9575,4153,7728,1069,1021,719,22835,0,0,2909,0,0,6504,3574,31874,5036,1533,1195,4500,4727,12301,2657,13973,12580,0,0,0,0,0,0,0
g9xg1,0,0,0,9379,0,11869,8089,0,1974,17994,10428,5666,10125,2717,3769,14705,69732,2038,8412,5601,3333,5649,0,0,0,129574,0,20199,5016,2099,3667,0,4051,0,3800,3942,0,9437,5763,16734,1246,3643,4153,5079,10148,12207,2786,10673,1996,1018,630,20312,0,0,3139,0,0,6895,2857,29816,4696,1523,1195,8231,6025,9849,3677,15394,11805,0,0,0,0,0,0,0,0,0,0,4639,0,14319,10525,0,1874,16937,10898,8286,5344,3477,3453,13743,68169,1188,8771,5414,2625,3983,0,0,0,125829,0,18235,5027,3162,5183,0,4441,0,3729,3775,0,13555,11254,14971,1074,4573,4687,6905,7536,9575,4153,7728,1069,1021,719,22835,0,0,2909,0,0,6504,3574,31874,5036,1533,1195,4500,4727,12301,2657,13973,12580,0,0,0,0,0,0,0
g9xg2,0,0,0,9379,0,11869,8089,0,1974,17994,10428,5666,10125,2717,3769,14705,69732,2038,8412,5601,3333,5649,0,0,0,129574,0,20199,5016,2099,3667,0,4051,0,3800,3942,0,9437,5763,16734,1246,3643,4153,5079,10148,12207,2786,10673,1996,1018,630,20312,0,0,3139,0,0,6895,2857,29816,4696,1523,1195,8231,6025,9849,3677,15394,11805,0,0,0,0,0,0,0,0,0,0,4639,0,14319,10525,0,1874,16937,10898,8286,5344,3477,3453,13743,68169,1188,8771,5414,2625,3983,0,0,0,125829,0,18235,5027,3162,5183,0,4441,0,3729,3775,0,13555,11254,14971,1074,4573,4687,6905,7536,9575,4153,7728,1069,1021,719,22835,0,0,2909,0,0,6504,3574,31874,5036,1533,1195,4500,4727,12301,2657,13973,12580,0,0,0,0,0,0,0
g9xg3,0,0,0,9379,0,11869,8089,0,1974,17994,10428,5666,10125,2717,3769,14705,69732,2038,8412,5601,3333,5649,0,0,0,129574,0,20199,5016,2099,3667,0,4051,0,3800,3942,0,9437,5763,16734,1246,3643,4153,5079,10148,12207,2786,10673,1996,1018,630,20312,0,0,3139,0,0,6895,2857,29816,4696,1523,1195,8231,6025,9849,3677,15394,11805,0,0,0,0,0,0,0,0,0,0,4639,0,14319,10525,0,1874,16937,10898,8286,5344,3477,3453,13743,68169,1188,8771,5414,2625,3983,0,0,0,125829,0,18235,5027,3162,5183,0,4441,0,3729,3775,0,13555,11254,14971,1074,4573,4687,6905,7536,9575,4153,7728,1069,1021,719,22835,0,0,2909,0,0,6504,3574,31874,5036,1533,1195,4500,4727,12301,2657,13973,12580,0,0,0,0,0,0,0
g9xg4,0,0,0,9379,0,11869,8089,0,1974,17994,10428,5666,10125,2717,3769,14705,69732,2038,8412,5601,3333,5649,0,0,0,129574,0,20199,5016,2099,3667,0,4051,0,3800,3942,0,9437,5763,16734,1246,3643,4153,5079,10148,12207,2786,10673,1996,1018,630,20312,0,0,3139,0,0,6895,2857,29816,4696,1523,1195,8231,6025,9849,3677,15394,11805,0,0,0,0,0,0,0,0,0,0,4639,0,14319,10525,0,1874,16937,10898,8286,5344,3477,3453,13743,68169,1188,8771,5414,2625,3983,0,0,0,125829,0,18235,5027,3162,5183,0,4441,0,3729,3775,0,13555,11254,14971,1074,4573,4687,6905,7536,9575,4153,7728,1069,1021,719,22835,0,0,2909,0,0,6504,3574,31874,5036,1533,1195,4500,4727,12301,2657,13973,12580,0,0,0,0,0,0,0
g9xg5,0,0,0,9379,0,11869,8089,0,1974,17994,10428,5666,10125,2717,3769,14705,69732,2038,8412,5601,3333,5649,0,0,0,129574,0,20199,5016,2099,3667,0,4051,0,3800,3942,0,9437,5763,16734,1246,3643,4153,5079,10148,12207,2786,10673,1996,1018,630,20312,0,0,3139,0,0,6895,2857,29816,4696,1523,1195,8231,6025,9849,3677,15394,11805,0,0,0,0,0,0,0,0,0,0,4639,0,14319,10525,0,1874,16937,10898,8286,5344,3477,3453,13743,68169,1188,8771,5414,2625,3983,0,0,0,125829,0,18235,5027,3162,5183,0,4441,0,3729,3775,0,13555,11254,14971,1074,4573,4687,6905,7536,9575,4153,7728,1069,1021,719,22835,0,0,2909,0,0,6504,3574,31874,5036,1533,1195,4500,4727,12301,2657,13973,12580,0,0,0,0,0,0,0
g9xg6,0,0,0,9379,0,11869,8089,0,1974,17994,10428,5666,10125,2717,3769,14705,69732,2038,8412,5601,3333,5649,0,0,0,129574,0,20199,5016,2099,3667,0,4051,0,3800,3942,0,9437,5763,16734,1246,3643,4153,5079,10148,12207,2786,10673,1996,1018,630,20312,0,0,3139,0,0,6895,2857,29816,4696,1523,1195,8231,6025,9849,3677,15394,11805,0,0,0,0,0,0,0,0,0,0,4639,0,14319,10525,0,1874,16937,10898,8286,5344,3477,3453,13743,68169,1188,8771,5414,2625,3983,0,0,0,125829,0,18235,5027,3162,5183,0,4441,0,3729,3775,0,13555,11254,14971,1074,4573,4687,6905,7536,9575,4153,7728,1069,1021,719,22835,0,0,2909,0,0,6504,3574,31874,5036,1533,1195,4500,4727,12301,2657,13973,12580,0,0,0,0,0,0,0
g9xg7,0,0,0,9379,0,11869,8089,0,1974,17994,10428,5666,10125,2717,3769,14705,69732,2038,8412,5601,3333,5649,0,0,0,129574,0,20199,5016,2099,3667,0,4051,0,3800,3942,0,9437,5763,16734,1246,3643,4153,5079,10148,12207,2786,10673,1996,1018,630,20312,0,0,3139,0,0,6895,2857,29816,4696,1523,1195,8231,6025,9849,3677,15394,11805,0,0,0,0,0,0,0,0,0,0,4639,0,14319,10525,0,1874,16937,10898,8286,5344,3477,3453,13743,68169,1188,8771,5414,2625,3983,0,0,0,125829,0,18235,5027,3162,5183,0,4441,0,3729,3775,0,13555,11254,14971,1074,4573,4687,6905,7536,9575,4153,7728,1069,1021,719,22835,0,0,2909,0,0,6504,3574,31874,5036,1533,1195,4500,4727,12301,2657,13973,12580,0,0,0,0,0,0,0
g9xg8,0,0,0,9379,0,11869,8089,0,1974,17994,10428,5666,10125,2717,3769,14705,69732,2038,8412,5601,3333,5649,0,0,0,129574,0,20199,5016,2099,3667,0,4051,0,3800,3942,0,9437,5763,16734,1246,3643,4153,5079,10148,12207,2786,10673,1996,1018,630,20312,0,0,3139,0,0,6895,2857,29816,4696,1523,1195,8231,6025,9849,3677,15394,11805,0,0,0,0,0,0,0,0,0,0,4639,0,14319,10525,0,1874,16937,10898,8286,5344,3477,3453,13743,68169,1188,8771,5414,2625,3983,0,0,0,125829,0,18235,5027,3162,5183,0,4441,0,3729,3775,0,13555,11254,14971,1074,4573,4687,6905,7536,9575,4153,7728,1069,1021,719,22835,0,0,2909,0,0,6504,3574,31874,5036,1533,1195,4500,4727,12301,2657,13973,12580,0,0,0,0,0,0,0
